[
  {
    "id": "G1",
    "type": "Greeting",
    "text": [
      "Hi How are you?",
      "this I'm your personal Product Advisor."
    ],
    "image": [
      "./url/image1.png",
      "./url/image2.png"
    ],
    "next": "G2"
  },
  {
    "id": "G2",
    "type": "Greeting",
    "text": [
      "So, where are you from?"
    ],
    "image": [
      "./url/image1.png",
      "./url/image2.png"
    ],
    "options": [
      {
        "text": "India",
        "display": "I'm from India",
        "value": "india",
        "attr": "location",
        "next": "A1"
      },
      {
        "text": "USA",
        "display": "I'm from the Americas",
        "value": "usa",
        "attr": "location",
        "next": "B2"
      },
      {
        "text": "Italy",
        "display": "I'm from the Italy",
        "value": "it",
        "attr": "location",
        "execute": {
          "proc": "isAllowed()",
          "next": {
            "true": "B3",
            "false": "C1"
          }
        }
      }
    ]
  },
  {
    "id": "P1",
    "type": "Profiling",
    "text": [
      "We will attempt contacting you."
    ],
    "execute": {
      "proc": "contactExists()",
      "next": {
        "true": "C2",
        "false": "C1"
      }
    }
  }
]