{
	"source": "String", // The ONLY possible values Message/FAQ/Notification/UserResponse
	"id": "String", // IDs for Message/FAQ/Notification, etc
	"category": "String", // Categories of Message Phase/FAQ Category/Notifications, etc 
	"text": ["String"],
	"questions": ["String"], // NOT required now. This we will need later when we will have FAQs
	"answer": ["String"], // NOT required now. This we will need later when we will have FAQs
	"url": [{ // NOT required now. But we must consider this
		"title": "String",
		"subtitle": "String",
		"url": "String",
		"thumbnail": "String"
	}],
	"image": [{
		"title": "String",
		"subtitle": "String",
		"url": "String",
		"thumbnail": "String"
	}],
	"video": [{ // NOT required now. But we must consider this
		"title": "String",
		"subtitle": "String",
		"url": "String",
		"thumbnail": "String"
	}],
	"audio": [{  // NOT required now. But we must consider this
		"title": "String",
		"subtitle": "String",
		"url": "String",
		"thumbnail": "String"
	}],
	"document": [{  // NOT required now. But we must consider this
		"title": "String",
		"subtitle": "String",
		"url": "String",
		"thumbnail": "String"
	}],
	"options": [{ 
		"text": "String",
		"display": "String",
		"value": "String|Number|Boolean",
		"attr": "String",
		"next": "String"
	},{
		"text": "String",
		"display": "String",
		"value": "String|Number|Boolean",
		"attr": "String",
		"execute": {
			"proc": "String", // for example on click of this button call this function/procedure/proc "isAllowed()",
			"next": { // This "next" is optional, if its not there it will not call next chat id on click of this button 
				"String": "String", // for example when the function returns true next is B3;  "true": "B3",
				"String": "String" //for example when the function returns false next is C1;  "false": "C1"
			}
		}
	}],
	"execute":
	{
		"proc": "String"  // "contactExists()",
		"next": {
			"String": "String", // for example when the function returns true next is B3;  "true": "B3",
			"String": "String" //for example when the function returns false next is C1;  "false": "C1"
		}
	},
	"next": "String", // Either there can be "next" or "options" but not both
	"isUseful": "Boolean" // true/false
}